step,fundamental,mid,spread,bid_depth,ask_depth,inventory,cash,pnl,trades
0,99.98,100.055,1.45,190,172,-10,1006.3,5.75,2
1,100.01,99.975,1.53,173,190,0,12.0,12.0,4
2,100.02,100.095,1.45,190,172,-10,1018.7,17.75,6
3,100.04,100.11,1.3,186,190,-6,620.86,20.2,7
4,100.12,100.215,1.41,190,177,-16,1628.96,25.52,9
5,100.09,100.225,1.33,190,172,-26,2637.56,31.71,11
6,100.12,100.29,1.26,190,180,-26,2637.56,30.02,12
7,100.08,100.25,1.26,186,190,-22,2239.08,33.58,13
8,100.01,100.165,1.29,187,190,-19,1940.52,37.385,14
9,99.97,99.965,1.59,174,190,-9,945.92,46.235,16
10,99.94,99.9,1.52,175,190,1,-47.68,52.22,18
11,99.88,99.87,1.3,190,184,-5,555.44,56.09,19
12,99.87,99.815,1.49,179,190,5,-437.16,61.915,21
13,99.83,99.79,1.3,190,190,5,-437.16,61.79,21
14,99.79,99.845,1.49,190,179,-5,566.84,67.615,23
15,99.95,99.99,1.3,190,188,-7,768.12,68.19,24
16,99.97,99.92,1.5,179,190,3,-225.58,74.18,26
17,99.96,100.025,1.47,190,174,-7,780.32,80.145,28
18,99.9,99.95,1.3,190,190,-7,780.32,80.67,28
19,99.87,99.92,1.3,190,190,-7,780.32,80.88,28
20,99.78,99.73,1.5,175,190,3,-211.48,87.71,30
21,99.79,99.855,1.47,190,178,-7,792.72,93.735,32
22,99.86,99.91,1.3,190,188,-9,993.84,94.65,33
23,99.87,99.94,1.3,190,182,-17,1798.56,99.58,34
24,99.76,99.895,1.33,190,177,-27,2803.86,106.695,36
25,99.84,99.84,1.6,176,190,-17,1809.96,112.68,38
26,99.87,100.005,1.33,190,177,-27,2816.36,116.225,40
27,99.83,100.005,1.25,190,190,-27,2816.36,116.225,40
28,99.85,100.025,1.25,190,174,-27,2816.36,115.685,41
29,99.88,100.055,1.25,190,190,-27,2816.36,114.875,41
30,99.9,99.9,1.6,179,190,-17,1821.86,123.56,43
31,99.94,100.06,1.3,190,190,-17,1821.86,120.84,43
32,99.91,100.03,1.3,188,190,-15,1623.1,122.65,44
33,99.84,99.82,1.56,172,190,-5,630.1,131.0,46
34,99.79,99.83,1.3,188,190,-3,431.74,132.25,47
35,99.83,99.765,1.47,175,190,7,-560.26,138.095,49
36,99.86,99.81,1.3,190,185,2,-57.96,141.66,50
37,99.91,99.9,1.3,189,190,3,-157.21,142.49,51
38,99.95,99.865,1.43,178,190,13,-1150.01,148.235,53
39,99.97,99.88,1.3,190,186,9,-747.89,151.03,54
40,100.08,100.02,1.3,190,187,6,-445.88,154.24,55
41,99.93,99.89,1.3,181,190,15,-1339.04,159.31,56
42,99.84,99.86,1.56,190,173,5,-335.24,164.06,58
43,99.85,99.81,1.3,189,190,6,-434.4,164.46,59
44,99.85,99.81,1.3,190,181,-3,469.74,170.31,60
45,99.8,99.735,1.47,178,190,7,-521.96,176.185,62
46,99.81,99.76,1.3,190,190,7,-521.96,176.36,62
47,99.74,99.69,1.3,190,183,0,180.42,180.42,63
48,99.78,99.78,1.3,190,190,0,180.42,180.42,63
49,99.68,99.605,1.45,178,190,10,-809.88,186.17,65
50,99.66,99.59,1.3,190,190,10,-809.88,186.02,65
51,99.48,99.52,1.52,190,178,0,190.72,190.72,67
52,99.35,99.35,1.3,190,190,0,190.72,190.72,67
53,99.4,99.4,1.3,190,190,0,190.72,190.72,67
54,99.37,99.37,1.3,190,183,-7,890.86,195.27,68
55,99.4,99.45,1.3,189,190,-6,792.06,195.36,69
56,99.31,99.35,1.3,190,190,-6,792.06,195.96,69
57,99.32,99.265,1.49,177,190,4,-195.04,202.02,71
58,99.34,99.4,1.48,190,179,-6,804.56,208.16,73
59,99.24,99.185,1.49,177,190,4,-181.74,215.0,75
60,99.14,99.11,1.3,190,185,-1,317.06,217.95,76
61,99.16,99.09,1.46,175,190,9,-668.14,223.67,78
62,99.17,99.11,1.3,190,190,9,-668.14,223.85,78
63,99.14,99.08,1.3,190,190,9,-668.14,223.58,78
64,99.11,99.05,1.3,190,189,8,-568.44,223.96,79
65,99.06,99.0,1.3,190,190,8,-568.44,223.56,79
66,99.06,99.0,1.3,190,190,8,-568.44,223.56,79
67,99.03,98.97,1.3,183,190,15,-1256.68,227.87,80
68,99.05,98.945,1.29,190,182,7,-459.96,232.655,81
69,99.01,98.96,1.3,190,190,7,-459.96,232.76,81
70,98.98,98.93,1.3,190,190,7,-459.96,232.55,81
71,99.05,98.95,1.4,175,190,17,-1443.46,238.69,83
72,98.99,98.855,1.33,173,190,27,-2425.66,243.425,85
73,98.9,98.9,1.6,190,173,17,-1432.06,249.24,87
74,98.96,98.84,1.3,190,185,12,-934.61,251.47,88
75,98.97,98.89,1.3,190,186,8,-536.45,254.67,89
76,98.92,98.86,1.3,186,190,12,-929.29,257.03,90
77,98.9,98.82,1.3,190,190,12,-929.29,256.55,90
78,98.94,98.975,1.53,190,175,2,65.81,263.76,92
79,98.95,98.94,1.3,187,190,5,-229.06,265.64,93
80,98.87,98.84,1.3,181,190,14,-1112.77,270.99,94
81,98.9,98.775,1.35,174,190,24,-2094.27,276.33,96
82,98.85,98.69,1.28,181,190,24,-2094.27,274.29,97
83,98.85,98.69,1.28,190,190,24,-2094.27,274.29,97
84,98.88,98.88,1.6,190,177,14,-1100.67,283.65,99
85,98.85,98.75,1.3,190,182,6,-305.47,287.03,100
86,98.81,98.77,1.3,190,185,1,191.63,290.4,101
87,98.83,98.82,1.3,190,190,1,191.63,290.45,101
88,98.79,98.86,1.46,190,175,-9,1185.93,296.19,103
89,98.75,98.705,1.51,177,190,1,204.33,303.035,105
90,98.78,98.85,1.46,190,176,-9,1198.53,308.88,107
91,98.76,98.82,1.3,190,190,-9,1198.53,309.15,107
92,98.71,98.815,1.39,190,178,-19,2192.73,315.245,109
93,98.75,98.74,1.58,175,190,-9,1210.43,321.77,111
94,98.73,98.79,1.3,190,187,-12,1508.75,323.27,112
95,98.67,98.75,1.3,182,190,-4,723.95,328.95,113
96,98.7,98.73,1.3,190,184,-10,1320.23,332.93,114
97,98.7,98.81,1.38,190,176,-20,2314.43,338.23,116
98,98.75,98.89,1.3,190,190,-20,2314.43,336.63,116
99,98.68,98.67,1.58,173,190,-10,1332.73,346.03,118
100,98.6,98.67,1.3,190,184,-16,1928.65,349.93,119
101,98.56,98.67,1.3,190,189,-17,2027.97,350.58,120
102,98.49,98.6,1.3,187,190,-14,1734.12,353.72,121
103,98.41,98.5,1.3,190,189,-15,1833.27,355.77,122
104,98.37,98.47,1.3,190,190,-15,1833.27,356.22,122
105,98.43,98.555,1.35,190,173,-25,2825.07,361.195,124
106,98.39,98.55,1.28,190,190,-25,2825.07,361.32,124
107,98.25,98.41,1.28,190,180,-25,2825.07,364.82,125
108,98.2,98.36,1.28,190,184,-25,2825.07,366.07,126
109,98.15,98.31,1.28,181,190,-16,1946.04,373.08,127
110,98.16,98.14,1.56,173,190,-6,969.84,381.0,129
111,98.16,98.2,1.3,186,190,-2,579.64,383.24,130
112,98.11,98.04,1.46,177,190,8,-395.06,389.26,132
113,98.04,97.99,1.3,190,190,8,-395.06,388.86,132
114,98.03,97.98,1.3,190,185,3,98.09,392.03,133
115,98.07,98.05,1.3,190,188,1,295.49,393.54,134
116,98.08,98.0,1.44,176,190,11,-678.71,399.29,136
117,98.07,98.11,1.52,190,177,1,307.79,405.9,138
118,98.13,98.2,1.46,190,180,-9,1295.49,411.69,139
119,98.07,98.13,1.3,190,181,-18,2184.51,418.17,140
120,98.03,98.15,1.3,190,190,-18,2184.51,417.81,140
121,98.05,98.17,1.3,190,190,-18,2184.51,417.45,140
122,98.01,98.13,1.3,190,190,-18,2184.51,418.17,140
123,98.0,98.12,1.3,190,189,-19,2283.28,419.0,141
124,97.99,98.115,1.29,182,190,-11,1503.52,424.255,142
125,98.01,98.08,1.3,190,181,-20,2392.09,430.49,143
126,98.02,98.16,1.32,190,180,-30,3380.09,435.29,144
127,97.99,98.165,1.25,190,173,-30,3380.09,435.14,145
128,98.01,98.185,1.25,190,190,-30,3380.09,434.54,145
129,97.98,98.155,1.25,190,190,-30,3380.09,435.44,145
130,97.9,98.075,1.25,190,190,-30,3380.09,437.84,145
131,97.84,98.015,1.25,190,185,-30,3380.09,439.64,146
132,97.95,98.125,1.25,190,190,-30,3380.09,436.34,146
133,97.98,97.98,1.6,173,190,-20,2404.79,445.19,148
134,98.03,98.16,1.3,189,190,-19,2307.28,442.24,149
135,98.09,98.21,1.3,190,190,-19,2307.28,441.29,149
136,97.98,98.1,1.3,182,190,-11,1527.68,448.58,150
137,97.92,98.03,1.38,190,178,-21,2514.08,455.45,152
138,97.98,98.12,1.3,190,189,-22,2612.85,454.21,153
139,97.97,97.965,1.59,174,190,-12,1638.25,462.67,155
140,97.96,97.925,1.53,172,190,-2,664.35,468.5,157
141,98.03,97.96,1.46,174,190,8,-309.55,474.13,159
142,98.03,97.98,1.3,183,190,15,-990.86,478.84,160
143,98.05,97.925,1.35,175,190,25,-1963.86,484.265,162
144,97.99,97.835,1.29,188,190,25,-1963.86,482.015,163
145,97.99,97.835,1.29,187,190,25,-1963.86,482.015,164
146,97.95,97.795,1.29,185,190,25,-1963.86,481.015,165
147,97.92,97.765,1.29,190,181,16,-1078.17,486.07,166
148,97.95,97.975,1.55,190,173,6,-93.17,494.68,168
149,97.95,97.91,1.3,190,186,2,301.07,496.89,169
150,98.03,98.1,1.46,190,174,-8,1287.77,502.97,171
151,98.03,98.13,1.4,190,173,-18,2275.07,508.73,173
152,98.09,98.2,1.3,190,183,-25,2967.02,512.02,174
153,98.08,98.235,1.29,190,173,-25,2967.02,511.145,175
154,98.08,98.235,1.29,181,190,-16,2088.71,516.95,176
155,98.14,98.24,1.3,190,190,-16,2088.71,516.87,176
156,98.13,98.23,1.3,190,190,-16,2088.71,517.03,176
157,98.09,98.19,1.3,190,189,-17,2187.55,518.32,177
158,98.18,98.16,1.56,176,190,-7,1211.15,524.03,179
159,98.15,98.245,1.41,190,179,-17,2199.55,529.385,181
160,98.25,98.36,1.3,190,190,-17,2199.55,527.43,181
161,98.25,98.36,1.3,189,190,-16,2101.84,528.08,182
162,98.29,98.39,1.3,190,187,-19,2398.96,529.55,183
163,98.26,98.38,1.3,190,181,-28,3290.23,535.59,184
164,98.29,98.455,1.27,185,190,-23,2801.13,536.665,185
165,98.25,98.395,1.31,190,173,-33,3791.53,544.495,187
166,98.21,98.39,1.24,190,190,-33,3791.53,544.66,187
167,98.3,98.48,1.24,190,177,-33,3791.53,541.69,188
168,98.42,98.6,1.24,188,190,-31,3595.57,538.97,189
169,98.35,98.52,1.26,190,190,-31,3595.57,541.45,189
170,98.28,98.28,1.6,174,190,-21,2617.37,553.49,191
171,98.32,98.45,1.3,185,190,-16,2128.37,553.17,192
172,98.35,98.45,1.3,190,181,-25,3020.27,559.02,193
173,98.4,98.555,1.29,190,174,-25,3020.27,556.395,194
174,98.34,98.495,1.29,190,183,-25,3020.27,557.895,195
175,98.32,98.32,1.6,172,190,-15,2041.97,567.17,197
176,98.34,98.43,1.3,190,190,-15,2041.97,565.52,197
177,98.47,98.56,1.3,190,183,-22,2736.44,568.12,198
178,98.47,98.615,1.31,190,178,-32,3729.04,573.36,200
179,98.51,98.685,1.25,189,190,-31,3630.98,571.745,201
180,98.51,98.51,1.6,177,190,-21,2650.48,581.77,203
181,98.45,98.44,1.58,174,190,-11,1671.18,588.34,205
182,98.42,98.49,1.3,183,190,-4,986.3,592.34,206
183,98.57,98.505,1.47,177,190,6,6.8,597.83,208
184,98.52,98.48,1.3,190,190,6,6.8,597.68,208
185,98.56,98.52,1.3,190,190,6,6.8,597.92,208
186,98.57,98.475,1.41,174,190,16,-972.0,603.6,210
187,98.56,98.46,1.3,190,190,16,-972.0,603.36,210
188,98.54,98.44,1.3,190,190,16,-972.0,603.04,210
189,98.54,98.44,1.3,190,190,16,-972.0,603.04,210
190,98.47,98.37,1.3,182,190,24,-1753.76,607.12,211
191,98.46,98.315,1.29,186,190,28,-2144.44,608.38,212
192,98.55,98.39,1.28,175,190,28,-2144.44,610.48,213
193,98.52,98.36,1.28,189,190,28,-2144.44,609.64,214
194,98.53,98.37,1.28,190,190,28,-2144.44,609.92,214
195,98.49,98.33,1.28,190,185,23,-1649.59,612.0,215
196,98.44,98.3,1.3,186,190,27,-2040.19,613.91,216
197,98.39,98.235,1.29,183,190,27,-2040.19,612.155,217
198,98.36,98.36,1.6,190,180,17,-1051.69,620.43,218
199,98.39,98.29,1.3,190,190,17,-1051.69,619.24,218
200,98.38,98.28,1.3,190,190,17,-1051.69,619.07,218
201,98.43,98.305,1.35,172,190,27,-2028.49,625.745,220
202,98.43,98.275,1.29,190,189,26,-1929.57,625.58,221
203,98.58,98.425,1.29,176,190,26,-1929.57,629.48,222
204,98.62,98.62,1.6,190,174,16,-938.47,639.45,224
205,98.64,98.67,1.54,190,176,6,53.43,645.45,226
206,98.6,98.655,1.49,190,173,-4,1045.53,650.91,228
207,98.65,98.67,1.3,190,183,-11,1740.77,655.4,229
208,98.61,98.72,1.38,190,180,-21,2733.97,660.85,230
209,98.71,98.835,1.29,184,190,-15,2144.83,662.305,231
210,98.77,98.86,1.3,190,190,-15,2144.83,661.93,231
211,98.73,98.7,1.54,177,190,-5,1163.13,669.63,233
212,98.74,98.77,1.3,190,188,-7,1361.97,670.58,234
213,98.74,98.835,1.41,190,179,-17,2356.27,676.075,236
214,98.72,98.82,1.3,190,190,-17,2356.27,676.33,236
215,98.51,98.635,1.35,190,173,-27,3348.87,685.725,238
216,98.51,98.665,1.29,190,178,-27,3348.87,684.915,239
217,98.49,98.645,1.29,190,190,-27,3348.87,685.455,239
218,98.46,98.615,1.29,190,176,-27,3348.87,686.265,240
219,98.47,98.625,1.29,190,190,-27,3348.87,685.995,240
220,98.58,98.735,1.29,190,180,-27,3348.87,683.025,241
221,98.69,98.845,1.29,190,190,-27,3348.87,680.055,241
222,98.67,98.825,1.29,190,175,-27,3348.87,680.595,242
223,98.68,98.835,1.29,190,174,-27,3348.87,680.325,243
224,98.74,98.895,1.29,190,190,-27,3348.87,678.705,243
225,98.75,98.905,1.29,190,190,-27,3348.87,678.435,243
226,98.77,98.925,1.29,181,190,-18,2464.35,683.7,244
227,98.77,98.9,1.34,190,179,-28,3459.55,690.35,246
228,98.73,98.885,1.29,190,190,-28,3459.55,690.77,246
229,98.77,98.77,1.6,179,190,-18,2476.75,698.89,248
230,98.81,98.91,1.3,190,190,-18,2476.75,696.37,248
231,98.79,98.89,1.3,187,190,-15,2182.03,698.68,249
232,98.83,98.8,1.54,177,190,-5,1199.33,705.33,251
233,98.84,98.87,1.3,190,190,-5,1199.33,704.98,251
234,98.93,98.96,1.3,190,189,-6,1298.94,705.18,252
235,98.87,98.905,1.29,190,190,-6,1298.94,705.51,252
236,98.86,98.895,1.29,190,190,-6,1298.94,705.57,252
237,98.75,98.845,1.41,190,179,-16,2293.24,711.72,254
238,98.65,98.62,1.54,177,190,-6,1312.34,720.62,256
239,98.68,98.715,1.29,190,190,-6,1312.34,720.05,256
240,98.68,98.62,1.48,179,190,4,331.64,726.12,258
241,98.7,98.68,1.3,190,186,0,728.96,728.96,259
242,98.75,98.825,1.45,190,174,-10,1722.96,734.71,261
243,98.75,98.81,1.3,190,190,-10,1722.96,734.86,261
244,98.79,98.85,1.3,190,182,-18,2518.96,739.66,262
245,98.78,98.88,1.3,190,190,-18,2518.96,739.12,262
246,98.83,98.805,1.55,180,190,-8,1536.16,745.72,263
247,98.76,98.805,1.29,190,181,-17,2431.21,751.525,264
248,98.76,98.86,1.3,190,185,-22,2928.76,753.84,265
249,98.72,98.84,1.3,183,190,-15,2241.43,758.83,266
250,98.69,98.775,1.29,190,190,-15,2241.43,759.805,266
251,98.74,98.825,1.29,190,186,-19,2639.31,761.635,267
252,98.63,98.74,1.3,190,182,-27,3434.43,768.45,268
253,98.48,98.63,1.3,190,190,-27,3434.43,771.42,268
254,98.49,98.64,1.3,190,183,-27,3434.43,771.15,269
255,98.48,98.63,1.3,183,190,-20,2748.57,775.97,270
256,98.53,98.64,1.3,190,190,-20,2748.57,775.77,270
257,98.51,98.62,1.3,190,189,-21,2847.84,776.82,271
258,98.57,98.705,1.33,190,178,-31,3841.24,781.385,273
259,98.62,98.78,1.28,190,181,-31,3841.24,779.06,274
260,98.71,98.87,1.28,190,190,-31,3841.24,776.27,274
261,98.73,98.89,1.28,190,190,-31,3841.24,775.65,274
262,98.76,98.92,1.28,187,190,-28,3546.4,776.64,275
263,98.7,98.7,1.6,172,190,-18,2564.3,787.7,277
264,98.64,98.74,1.3,190,190,-18,2564.3,786.98,277
265,98.65,98.775,1.35,190,172,-28,3558.3,792.6,279
266,98.68,98.835,1.29,190,180,-28,3558.3,790.92,280
267,98.7,98.85,1.3,190,188,-28,3558.3,790.5,281
268,98.67,98.82,1.3,190,178,-28,3558.3,791.34,282
269,98.74,98.89,1.3,190,177,-28,3558.3,789.38,283
270,98.74,98.89,1.3,190,190,-28,3558.3,789.38,283
271,98.75,98.75,1.6,177,190,-18,2575.8,798.3,285
272,98.7,98.8,1.3,190,190,-18,2575.8,797.4,285
273,98.67,98.77,1.3,190,185,-23,3072.9,801.19,286
274,98.59,98.575,1.57,178,190,-13,2092.2,810.725,288
275,98.49,98.56,1.3,190,190,-13,2092.2,810.92,288
276,98.52,98.59,1.3,190,187,-16,2389.92,812.48,289
277,98.57,98.66,1.3,190,183,-23,3085.09,815.91,290
278,98.53,98.515,1.57,179,190,-13,2104.99,824.295,292
279,98.64,98.6,1.52,177,190,-3,1124.39,828.59,294
280,98.72,98.74,1.3,182,190,5,339.67,833.37,295
281,98.77,98.74,1.3,183,190,12,-346.96,837.92,296
282,98.79,98.835,1.51,190,173,2,646.74,844.41,298
283,98.76,98.75,1.3,190,185,-3,1143.74,847.49,299
284,98.76,98.78,1.3,190,190,-3,1143.74,847.4,299
285,98.86,98.88,1.3,188,190,-1,947.28,848.4,300
286,98.83,98.91,1.44,190,180,-11,1942.08,854.07,301
287,98.78,98.84,1.3,190,182,-19,2738.0,860.04,302
288,98.7,98.8,1.3,190,189,-20,2837.45,861.45,303
289,98.74,98.72,1.56,175,190,-10,1855.45,868.25,305
290,98.75,98.8,1.3,190,190,-10,1855.45,867.45,305
291,98.85,98.95,1.4,190,174,-20,2850.95,871.95,307
292,98.83,98.96,1.34,190,175,-30,3846.85,878.05,309
293,98.84,98.995,1.29,188,190,-28,3650.15,878.29,310
294,98.82,98.97,1.3,190,190,-28,3650.15,878.99,310
295,98.8,98.95,1.3,190,190,-28,3650.15,879.55,310
296,98.78,98.93,1.3,190,185,-28,3650.15,880.11,311
297,98.78,98.93,1.3,190,186,-28,3650.15,880.11,312
298,98.84,98.99,1.3,184,190,-22,3060.11,882.33,313
299,99.0,99.115,1.29,182,190,-14,2272.35,884.74,314
300,99.05,99.12,1.3,190,190,-14,2272.35,884.67,314
301,99.07,99.14,1.3,181,190,-5,1385.94,890.24,315
302,99.12,99.06,1.48,174,190,5,400.94,896.24,317
303,99.08,99.14,1.48,190,173,-5,1397.94,902.24,319
304,99.08,99.11,1.3,190,181,-14,2295.78,908.24,320
305,99.14,99.21,1.3,184,190,-8,1704.42,910.74,321
306,99.15,99.19,1.3,190,190,-8,1704.42,910.9,321
307,99.1,99.045,1.49,175,190,2,719.52,917.61,323
308,99.03,99.02,1.3,190,190,2,719.52,917.56,323
309,99.0,98.92,1.44,177,190,12,-263.88,923.16,325
310,99.0,98.94,1.3,190,185,7,234.07,926.65,326
311,98.94,98.845,1.41,175,190,17,-748.43,931.935,328
312,98.95,98.86,1.3,190,190,17,-748.43,932.19,328
313,99.03,98.91,1.36,180,190,27,-1731.33,939.24,329
314,98.92,98.775,1.31,179,190,37,-2712.63,942.045,331
315,98.79,98.62,1.26,190,190,37,-2712.63,936.31,331
316,98.79,98.62,1.26,176,190,37,-2712.63,936.31,332
317,98.75,98.58,1.26,185,190,37,-2712.63,934.83,333
318,98.67,98.67,1.6,190,178,27,-1721.33,942.76,335
319,98.68,98.535,1.31,172,190,37,-2700.23,945.565,337
320,98.69,98.69,1.6,190,174,27,-1708.73,955.9,339
321,98.77,98.63,1.3,190,182,19,-914.49,959.48,340
322,98.75,98.65,1.3,190,181,10,-20.79,965.71,341
323,98.69,98.64,1.3,190,189,9,78.5,966.26,342
324,98.79,98.745,1.29,190,190,9,78.5,967.205,342
325,98.83,98.73,1.4,173,190,19,-902.9,972.97,344
326,98.83,98.735,1.29,190,190,19,-902.9,973.065,344
327,98.78,98.655,1.35,177,190,29,-1883.3,977.695,346
328,98.79,98.64,1.3,190,190,29,-1883.3,977.26,346
329,98.82,98.675,1.29,183,190,36,-2569.51,982.79,347
330,98.85,98.685,1.27,176,190,36,-2569.51,983.15,348
331,98.88,98.715,1.27,190,190,36,-2569.51,984.23,348
332,98.9,98.9,1.6,190,174,26,-1575.81,995.59,350
333,98.95,98.96,1.58,190,176,16,-581.11,1002.25,352
334,98.95,98.87,1.3,190,190,16,-581.11,1000.81,352
335,98.88,98.8,1.3,190,186,12,-183.31,1002.29,353
336,98.87,98.81,1.3,181,190,21,-1066.75,1008.26,354
337,98.96,98.985,1.55,190,172,11,-71.75,1017.085,356
338,98.92,98.865,1.29,190,190,11,-71.75,1015.765,356
339,98.84,98.785,1.29,190,190,11,-71.75,1014.885,356
340,98.8,98.745,1.29,190,190,11,-71.75,1014.445,356
341,98.93,98.875,1.29,184,190,17,-661.13,1019.745,357
342,98.93,98.845,1.29,190,190,17,-661.13,1019.235,357
343,98.97,98.89,1.3,190,190,17,-661.13,1020.0,357
344,98.97,98.89,1.3,190,190,17,-661.13,1020.0,357
345,98.92,98.955,1.53,190,172,7,333.77,1026.455,359
346,98.81,98.715,1.41,176,190,17,-647.53,1030.625,361
347,98.83,98.75,1.3,190,190,17,-647.53,1031.22,361
348,98.84,98.76,1.3,190,190,17,-647.53,1031.39,361
349,98.96,98.88,1.3,184,190,23,-1236.91,1037.33,362
350,98.97,98.84,1.34,178,190,33,-2219.01,1042.71,364
351,98.98,98.825,1.29,190,190,33,-2219.01,1042.215,364
352,98.98,98.825,1.29,188,190,33,-2219.01,1042.215,365
353,98.97,98.815,1.29,187,190,33,-2219.01,1041.885,366
354,99.03,98.875,1.29,172,190,33,-2219.01,1043.865,367
355,98.95,98.795,1.29,190,190,33,-2219.01,1041.225,367
356,99.06,98.905,1.29,190,190,33,-2219.01,1044.855,367
357,99.11,98.955,1.29,190,190,33,-2219.01,1046.505,367
358,99.14,98.985,1.29,190,187,30,-1920.12,1049.43,368
359,99.17,99.025,1.29,190,190,30,-1920.12,1050.63,368
360,99.14,98.995,1.29,190,183,23,-1222.64,1054.245,369
361,99.1,98.99,1.3,190,181,14,-325.88,1059.98,370
362,99.15,99.04,1.38,178,190,24,-1310.18,1066.78,372
363,99.16,99.045,1.29,190,190,24,-1310.18,1066.9,372
364,99.17,99.055,1.29,190,189,23,-1210.48,1067.785,373
365,99.09,98.98,1.3,190,190,23,-1210.48,1066.06,373
366,99.16,99.05,1.3,190,188,21,-1011.08,1068.97,374
367,99.17,99.07,1.3,190,187,18,-711.92,1071.34,375
368,99.13,99.01,1.36,180,190,28,-1695.92,1076.36,376
369,99.11,98.98,1.3,190,190,28,-1695.92,1075.52,376
370,99.12,98.99,1.3,190,184,22,-1098.08,1079.7,377
371,99.12,99.015,1.29,190,190,22,-1098.08,1080.25,377
372,98.99,98.89,1.3,184,190,28,-1687.52,1081.4,378
373,98.91,98.78,1.3,190,182,20,-892.08,1083.52,379
374,98.88,98.91,1.54,190,172,10,102.22,1091.32,381
375,98.88,98.83,1.3,190,190,10,102.22,1090.52,381
376,98.84,98.79,1.3,190,187,7,400.54,1092.07,382
377,98.8,98.71,1.42,178,190,17,-580.66,1097.41,384
378,98.81,98.73,1.3,190,190,17,-580.66,1097.75,384
379,98.86,98.78,1.3,190,182,9,214.78,1103.8,385
380,98.89,98.85,1.3,188,190,11,18.38,1105.73,386
381,98.88,98.83,1.3,190,185,6,515.78,1108.76,387
382,98.92,98.98,1.48,190,175,-4,1511.18,1115.26,389
383,98.87,98.89,1.3,182,190,4,725.26,1120.82,390
384,98.92,98.9,1.3,190,190,4,725.26,1120.86,390
385,98.97,99.035,1.47,190,180,-6,1721.26,1127.05,391
386,98.97,99.0,1.3,182,190,2,934.46,1132.46,392
387,98.86,98.85,1.3,190,190,2,934.46,1132.16,392
388,98.82,98.81,1.3,181,190,11,51.02,1137.93,393
389,98.79,98.74,1.3,190,190,11,51.02,1137.16,393
390,98.79,98.74,1.3,190,190,11,51.02,1137.16,393
391,98.76,98.71,1.3,190,185,6,547.82,1140.08,394
392,98.79,98.76,1.3,190,186,2,945.46,1142.98,395
393,98.7,98.62,1.44,175,190,12,-34.94,1148.5,397
394,98.76,98.705,1.29,190,190,12,-34.94,1149.52,397
395,98.77,98.665,1.39,180,190,22,-1015.64,1154.99,398
396,98.74,98.64,1.3,190,182,14,-221.32,1159.64,399
397,98.75,98.69,1.3,190,190,14,-221.32,1160.34,399
398,98.68,98.62,1.3,190,190,14,-221.32,1159.36,399
399,98.71,98.65,1.3,190,182,6,573.08,1164.98,400
400,98.67,98.64,1.3,190,186,2,970.24,1167.52,401
401,98.59,98.58,1.3,190,190,2,970.24,1167.4,401
402,98.59,98.66,1.46,190,176,-8,1962.54,1173.26,403
403,98.65,98.745,1.41,190,176,-18,2955.84,1178.43,405
404,98.56,98.64,1.3,190,190,-18,2955.84,1180.32,405
405,98.55,98.63,1.3,190,190,-18,2955.84,1180.5,405
406,98.55,98.63,1.3,190,190,-18,2955.84,1180.5,405
407,98.56,98.64,1.3,190,190,-18,2955.84,1180.32,405
408,98.6,98.68,1.3,183,190,-11,2269.63,1184.15,406
409,98.63,98.73,1.4,190,175,-21,3262.93,1189.6,408
410,98.54,98.51,1.54,178,190,-11,2283.13,1199.52,410
411,98.52,98.62,1.4,190,175,-21,3275.33,1204.31,412
412,98.54,98.63,1.3,186,190,-17,2883.41,1206.7,413
413,98.63,98.705,1.29,190,190,-17,2883.41,1205.425,413
414,98.57,98.645,1.29,190,188,-19,3081.99,1207.735,414
415,98.51,98.625,1.37,190,176,-29,4074.39,1214.265,416
416,98.45,98.59,1.32,190,180,-39,5066.69,1221.68,417
417,98.38,98.54,1.28,190,190,-39,5066.69,1223.63,417
418,98.45,98.45,1.6,177,190,-29,4086.99,1231.94,419
419,98.42,98.545,1.29,190,187,-32,4384.56,1231.12,420
420,98.45,98.59,1.3,182,190,-24,3601.04,1234.88,421
421,98.37,98.475,1.29,190,190,-24,3601.04,1237.64,421
422,98.42,98.525,1.29,190,190,-24,3601.04,1236.44,421
423,98.49,98.595,1.29,190,190,-24,3601.04,1234.76,421
424,98.32,98.425,1.29,190,190,-24,3601.04,1238.84,421
425,98.42,98.395,1.55,174,190,-14,2622.24,1244.71,423
426,98.35,98.41,1.3,190,181,-23,3513.78,1250.35,424
427,98.44,98.54,1.3,190,190,-23,3513.78,1247.36,424
428,98.41,98.51,1.3,190,190,-23,3513.78,1248.05,424
429,98.35,98.45,1.3,190,190,-23,3513.78,1249.43,424
430,98.3,98.4,1.3,190,187,-26,3810.93,1252.53,425
431,98.37,98.5,1.34,190,180,-36,4802.23,1256.23,426
432,98.38,98.53,1.3,190,190,-36,4802.23,1255.15,426
433,98.36,98.51,1.3,190,190,-36,4802.23,1255.87,426
434,98.37,98.52,1.3,190,190,-36,4802.23,1255.51,426
435,98.34,98.49,1.3,190,189,-36,4802.23,1256.59,427
436,98.35,98.5,1.3,185,190,-31,4312.98,1259.48,428
437,98.37,98.5,1.3,190,190,-31,4312.98,1259.48,428
438,98.4,98.53,1.3,190,190,-31,4312.98,1258.55,428
439,98.46,98.6,1.32,190,172,-41,5305.38,1262.78,430
440,98.52,98.52,1.6,172,190,-31,4324.98,1270.86,432
441,98.63,98.76,1.3,190,190,-31,4324.98,1263.42,432
442,98.65,98.64,1.58,175,190,-21,3343.68,1272.24,434
443,98.62,98.71,1.3,190,186,-25,3741.12,1273.37,435
444,98.62,98.725,1.29,190,188,-27,3939.86,1274.285,436
445,98.66,98.64,1.56,174,190,-17,2958.66,1281.78,438
446,98.66,98.73,1.3,184,190,-11,2370.18,1284.15,439
447,98.7,98.745,1.29,190,190,-11,2370.18,1283.985,439
448,98.62,98.565,1.49,178,190,-1,1389.98,1291.415,441
449,98.64,98.645,1.29,187,190,2,1095.98,1293.27,442
450,98.66,98.65,1.3,190,188,0,1294.58,1294.58,443
451,98.71,98.635,1.45,179,190,10,313.98,1300.33,445
452,98.72,98.68,1.3,185,190,15,-176.17,1304.03,446
453,98.7,98.64,1.3,185,190,20,-666.12,1306.68,447
454,98.64,98.675,1.53,190,173,10,325.98,1312.73,449
455,98.74,98.645,1.41,180,190,20,-654.52,1318.38,450
456,98.68,98.565,1.37,180,190,30,-1634.02,1322.93,451
457,98.7,98.715,1.57,190,179,20,-641.72,1332.58,453
458,98.65,98.535,1.37,174,190,30,-1620.92,1335.13,455
459,98.65,98.53,1.3,190,190,30,-1620.92,1334.98,455
460,98.62,98.5,1.3,187,190,33,-1914.47,1336.03,456
461,98.67,98.535,1.29,190,190,33,-1914.47,1337.185,456
462,98.76,98.63,1.3,190,190,33,-1914.47,1340.32,456
463,98.78,98.79,1.58,190,180,23,-921.47,1350.7,457
464,98.79,98.7,1.3,190,190,23,-921.47,1348.63,457
465,98.8,98.71,1.3,188,190,25,-1117.59,1350.16,458
466,98.83,98.73,1.3,187,190,28,-1411.83,1352.61,459
467,98.7,98.57,1.34,175,190,38,-2391.23,1354.43,461
468,98.67,98.52,1.3,176,190,38,-2391.23,1352.53,462
469,98.64,98.49,1.3,190,190,38,-2391.23,1351.39,462
470,98.72,98.57,1.3,180,190,38,-2391.23,1354.43,463
471,98.67,98.67,1.6,190,180,28,-1399.53,1363.23,464
472,98.68,98.57,1.3,188,190,30,-1595.37,1361.73,465
473,98.69,98.57,1.3,186,190,34,-1987.05,1364.33,466
474,98.7,98.565,1.29,190,187,31,-1689.42,1366.095,467
475,98.64,98.52,1.3,190,185,26,-1193.57,1367.95,468
476,98.58,98.48,1.3,183,190,33,-1878.38,1371.46,469
477,98.59,98.46,1.3,190,190,33,-1878.38,1370.8,469
478,98.55,98.42,1.3,187,190,36,-2171.69,1371.43,470
479,98.5,98.505,1.59,190,174,26,-1181.59,1379.54,472
480,98.6,98.5,1.3,184,190,32,-1768.69,1383.31,473
481,98.61,98.485,1.29,190,190,32,-1768.69,1382.83,473
482,98.54,98.415,1.29,190,187,29,-1471.51,1382.525,474
483,98.61,98.48,1.34,174,190,39,-2450.01,1390.71,476
484,98.47,98.32,1.3,188,190,39,-2450.01,1384.47,477
485,98.5,98.35,1.3,190,187,36,-2153.01,1387.59,478
486,98.46,98.315,1.31,174,190,46,-3129.71,1392.78,480
487,98.49,98.49,1.6,190,175,36,-2140.11,1405.53,482
488,98.45,98.31,1.3,190,190,36,-2140.11,1399.05,482
489,98.46,98.32,1.3,184,190,42,-2726.13,1403.31,483
490,98.42,98.265,1.29,181,190,42,-2726.13,1401.0,484
491,98.37,98.215,1.29,190,190,42,-2726.13,1398.9,484
492,98.32,98.165,1.29,179,190,42,-2726.13,1396.8,485
493,98.3,98.145,1.29,190,190,42,-2726.13,1395.96,485
494,98.3,98.145,1.29,176,190,42,-2726.13,1395.96,486
495,98.29,98.135,1.29,190,190,42,-2726.13,1395.54,486
496,98.29,98.135,1.29,182,190,42,-2726.13,1395.54,487
497,98.35,98.195,1.29,190,190,42,-2726.13,1398.06,487
498,98.35,98.195,1.29,190,188,40,-2528.45,1399.35,488
499,98.35,98.2,1.3,190,185,35,-2034.2,1402.8,489
500,98.33,98.2,1.3,190,190,35,-2034.2,1402.8,489
501,98.45,98.31,1.32,178,190,45,-3010.9,1413.05,491
502,98.38,98.22,1.28,190,182,37,-2220.02,1414.12,492
503,98.36,98.365,1.59,190,177,27,-1231.32,1424.535,494
504,98.32,98.195,1.35,177,190,37,-2207.02,1426.195,496
505,98.33,98.335,1.59,190,178,27,-1218.62,1436.425,498
506,98.34,98.215,1.35,173,190,37,-2194.52,1439.435,500
507,98.3,98.165,1.29,183,190,44,-2877.16,1442.1,501
508,98.31,98.155,1.29,178,190,44,-2877.16,1441.66,502
509,98.35,98.35,1.6,190,173,34,-1888.76,1455.14,504
510,98.38,98.255,1.29,190,190,34,-1888.76,1451.91,504
511,98.34,98.2,1.32,178,190,44,-2864.46,1456.34,506
512,98.27,98.115,1.29,178,190,44,-2864.46,1452.6,507
513,98.19,98.035,1.29,186,190,44,-2864.46,1449.08,508
514,98.37,98.215,1.29,190,190,44,-2864.46,1457.0,508
515,98.41,98.255,1.29,181,190,44,-2864.46,1458.76,509
516,98.45,98.295,1.29,190,185,39,-2369.76,1463.745,510
517,98.43,98.29,1.3,190,183,32,-1677.18,1468.1,511
518,98.49,98.51,1.56,190,178,22,-686.98,1480.24,513
519,98.49,98.41,1.3,190,190,22,-686.98,1478.04,513
520,98.35,98.27,1.3,190,190,22,-686.98,1474.96,513
521,98.39,98.275,1.37,177,190,32,-1663.58,1481.22,515
522,98.47,98.355,1.29,190,182,24,-871.58,1488.94,516
523,98.43,98.31,1.36,173,190,34,-1848.58,1493.96,518
524,98.38,98.26,1.3,182,190,42,-2629.46,1497.46,519
525,98.42,98.27,1.3,178,190,42,-2629.46,1497.88,520
526,98.49,98.34,1.3,181,190,42,-2629.46,1500.82,521
527,98.52,98.37,1.3,190,190,42,-2629.46,1502.08,521
528,98.5,98.35,1.3,190,190,42,-2629.46,1501.24,521
529,98.42,98.27,1.3,190,189,41,-2530.54,1498.53,522
530,98.5,98.355,1.29,186,190,45,-2921.38,1504.595,523
531,98.47,98.47,1.6,190,177,35,-1931.78,1514.67,525
532,98.52,98.4,1.3,190,185,30,-1436.53,1515.47,526
533,98.57,98.465,1.29,190,190,30,-1436.53,1517.42,526
534,98.62,98.515,1.29,190,190,30,-1436.53,1518.92,526
535,98.58,98.475,1.29,190,190,30,-1436.53,1517.72,526
536,98.64,98.51,1.34,178,190,40,-2415.43,1524.97,528
537,98.73,98.59,1.3,190,190,40,-2415.43,1528.17,528
538,98.77,98.63,1.3,189,190,41,-2513.41,1530.42,529
539,98.82,98.825,1.59,190,179,31,-1520.11,1543.465,531
540,98.8,98.82,1.56,190,179,21,-526.71,1548.51,533
541,98.84,98.88,1.52,190,175,11,467.49,1555.17,535
542,98.81,98.77,1.3,190,190,11,467.49,1553.96,535
543,98.8,98.76,1.3,190,185,6,964.54,1557.1,536
544,98.88,98.86,1.3,181,190,15,80.65,1563.55,537
545,98.89,98.94,1.5,190,174,5,1075.55,1570.25,539
546,99.02,99.0,1.3,183,190,12,387.1,1575.1,540
547,99.13,99.09,1.3,186,190,16,-6.66,1578.78,541
548,99.13,99.075,1.29,182,190,24,-794.1,1583.7,542
549,99.17,99.09,1.3,190,190,24,-794.1,1584.06,542
550,99.21,99.13,1.3,190,190,24,-794.1,1585.02,542
551,99.24,99.125,1.37,180,190,34,-1779.2,1591.05,543
552,99.29,99.155,1.33,173,190,44,-2764.5,1598.32,545
553,99.36,99.36,1.6,190,173,34,-1765.9,1612.34,547
554,99.35,99.235,1.29,190,181,25,-866.98,1613.895,548
555,99.41,99.325,1.29,190,184,19,-267.16,1620.015,549
556,99.37,99.305,1.29,187,190,22,-563.14,1621.57,550
557,99.36,99.285,1.29,190,190,22,-563.14,1621.13,550
558,99.35,99.28,1.3,190,183,15,136.37,1625.57,551
559,99.25,99.2,1.3,190,187,12,435.92,1626.32,552
560,99.22,99.18,1.3,190,190,12,435.92,1626.08,552
561,99.15,99.11,1.3,190,190,12,435.92,1625.24,552
562,99.09,98.995,1.41,174,190,22,-548.08,1629.81,554
563,99.08,99.12,1.52,190,174,12,448.52,1637.96,556
564,99.14,99.045,1.41,178,190,22,-535.98,1643.01,558
565,99.21,99.14,1.3,189,190,23,-634.47,1645.75,559
566,99.12,99.045,1.29,190,190,23,-634.47,1643.565,559
567,99.23,99.155,1.29,190,182,15,163.93,1651.255,560
568,99.28,99.18,1.4,177,190,25,-821.87,1657.63,562
569,99.17,99.055,1.37,180,190,35,-1806.27,1660.655,563
570,99.27,99.14,1.34,173,190,45,-2791.37,1669.93,565
571,99.16,99.015,1.29,190,190,45,-2791.37,1664.305,565
572,99.19,99.045,1.29,184,190,51,-3381.77,1669.525,566
573,99.22,99.06,1.28,190,189,50,-3282.07,1670.93,567
574,99.36,99.205,1.29,190,190,50,-3282.07,1678.18,567
575,99.38,99.225,1.29,175,190,50,-3282.07,1679.18,568
576,99.29,99.135,1.29,184,190,50,-3282.07,1674.68,569
577,99.28,99.28,1.6,190,174,40,-2284.37,1686.83,571
578,99.19,99.065,1.29,190,185,35,-1785.82,1681.455,572
579,99.14,99.03,1.3,190,182,27,-988.38,1685.43,573
580,99.19,99.105,1.29,190,190,27,-988.38,1687.455,573
581,99.25,99.13,1.36,177,190,37,-1973.58,1694.23,575
582,99.22,99.105,1.29,190,188,35,-1774.08,1694.595,576
583,99.14,99.03,1.3,190,190,35,-1774.08,1691.97,576
584,99.12,99.14,1.56,190,179,25,-777.48,1701.02,578
585,99.16,99.08,1.3,190,190,25,-777.48,1699.52,578
586,99.17,99.055,1.37,178,190,35,-1761.88,1705.045,580
587,99.15,99.04,1.3,190,189,34,-1662.19,1705.17,581
588,99.1,99.125,1.55,190,173,24,-665.79,1713.21,583
589,99.16,99.2,1.52,190,176,14,331.51,1720.31,585
590,99.26,99.215,1.29,190,190,14,331.51,1720.52,585
591,99.24,99.195,1.29,188,190,16,134.41,1721.53,586
592,99.32,99.27,1.3,181,190,25,-753.17,1728.58,587
593,99.34,99.265,1.29,188,190,27,-950.41,1729.745,588
594,99.31,99.23,1.3,190,188,25,-750.65,1730.1,589
595,99.28,99.205,1.29,190,184,19,-151.55,1733.345,590
596,99.34,99.28,1.3,190,190,19,-151.55,1734.77,590
597,99.4,99.445,1.51,190,175,9,848.35,1743.355,592
598,99.28,99.19,1.42,180,190,19,-137.75,1746.86,593
599,99.21,99.155,1.29,190,190,19,-137.75,1746.195,593
600,99.17,99.115,1.29,190,190,19,-137.75,1745.435,593
601,99.15,99.095,1.29,190,190,19,-137.75,1745.055,593
602,99.13,99.18,1.5,190,177,9,859.45,1752.07,595
603,99.19,99.1,1.42,175,190,19,-125.75,1757.15,597
604,99.23,99.175,1.29,189,190,20,-224.28,1759.22,598
605,99.2,99.245,1.51,190,173,10,773.62,1766.07,600
606,99.05,99.02,1.3,184,190,16,183.4,1767.72,601
607,99.0,98.955,1.29,190,190,16,183.4,1766.68,601
608,99.01,98.965,1.29,190,183,9,880.67,1771.355,602
609,99.09,99.065,1.29,184,190,15,290.15,1776.125,603
610,99.01,98.91,1.4,173,190,25,-693.05,1779.7,605
611,98.98,98.905,1.29,190,186,21,-294.85,1782.155,606
612,98.8,98.695,1.39,176,190,31,-1275.75,1783.795,608
613,98.78,98.69,1.3,190,183,24,-580.37,1788.19,609
614,98.69,98.62,1.3,190,190,24,-580.37,1786.51,609
615,98.61,98.5,1.38,174,190,34,-1559.27,1789.73,611
616,98.6,98.475,1.35,176,190,44,-2537.77,1795.13,613
617,98.68,98.555,1.29,190,190,44,-2537.77,1798.65,613
618,98.78,98.655,1.29,190,185,39,-2041.27,1806.275,614
619,98.78,98.67,1.3,186,190,43,-2433.35,1809.46,615
620,98.73,98.595,1.33,180,190,53,-3412.95,1812.585,616
621,98.78,98.63,1.3,177,190,53,-3412.95,1814.44,617
622,98.78,98.63,1.3,190,190,53,-3412.95,1814.44,617
623,98.77,98.62,1.3,190,190,53,-3412.95,1813.91,617
624,98.73,98.58,1.3,176,190,53,-3412.95,1811.79,618
625,98.76,98.61,1.3,187,190,53,-3412.95,1813.38,619
626,98.78,98.63,1.3,190,190,53,-3412.95,1814.44,619
627,98.73,98.73,1.6,190,179,43,-2420.65,1824.74,621
628,98.75,98.63,1.3,190,190,43,-2420.65,1820.44,621
629,98.81,98.825,1.57,190,174,33,-1427.25,1833.975,623
630,98.79,98.67,1.36,176,190,43,-2407.75,1835.06,625
631,98.86,98.725,1.33,176,190,53,-3388.65,1843.775,627
632,98.82,98.675,1.29,190,189,52,-3289.33,1841.77,628
633,98.86,98.715,1.29,186,190,56,-3681.61,1846.43,629
634,98.8,98.645,1.29,185,190,56,-3681.61,1842.51,630
635,98.84,98.685,1.29,190,190,56,-3681.61,1844.75,630
636,98.91,98.755,1.29,179,190,56,-3681.61,1848.67,631
637,98.89,98.74,1.3,187,190,56,-3681.61,1847.83,632
638,98.92,98.77,1.3,190,190,56,-3681.61,1849.51,632
639,98.97,98.82,1.3,190,190,56,-3681.61,1852.31,632
640,98.94,98.79,1.3,190,190,56,-3681.61,1850.63,632
641,98.94,98.79,1.3,173,190,56,-3681.61,1850.63,633
642,98.99,98.99,1.6,190,173,46,-2686.71,1866.83,635
643,98.95,98.81,1.32,176,190,56,-3668.51,1864.85,637
644,98.98,98.83,1.3,190,188,54,-3469.55,1867.27,638
645,99.06,98.915,1.29,190,189,53,-3369.99,1872.505,639
646,99.03,98.89,1.3,190,186,49,-2971.83,1873.78,640
647,99.12,98.99,1.3,183,190,56,-3660.21,1883.23,641
648,99.17,99.02,1.3,172,190,56,-3660.21,1884.91,642
649,99.26,99.11,1.3,190,183,49,-2961.89,1894.5,643
650,99.23,99.1,1.3,186,190,53,-3355.69,1896.61,644
651,99.25,99.255,1.59,190,173,43,-2358.09,1909.875,646
652,99.18,99.07,1.3,189,190,44,-2456.51,1902.57,647
653,99.18,99.065,1.29,185,190,49,-2948.61,1905.575,648
654,99.17,99.045,1.29,190,186,45,-2549.85,1907.175,649
655,99.12,99.005,1.29,190,190,45,-2549.85,1905.375,649
656,99.14,99.025,1.29,189,190,46,-2648.23,1906.92,650
657,99.13,99.01,1.3,188,190,48,-2844.95,1907.53,651
658,99.05,98.925,1.29,190,184,42,-2247.53,1907.32,652
659,99.08,98.95,1.34,175,190,52,-3230.73,1914.67,654
660,99.05,98.92,1.3,190,190,52,-3230.73,1913.11,654
661,99.13,99.0,1.3,182,190,60,-4017.53,1922.47,655
662,99.09,99.09,1.6,190,177,50,-3021.63,1932.87,657
663,99.01,98.885,1.29,190,190,50,-3021.63,1922.62,657
664,98.9,98.915,1.57,190,178,40,-2027.43,1929.17,659
665,98.91,98.935,1.55,190,180,30,-1032.83,1935.22,660
666,98.86,98.745,1.37,179,190,40,-2014.23,1935.57,662
667,98.89,98.79,1.3,190,186,36,-1616.47,1939.97,663
668,98.77,98.8,1.54,190,175,26,-623.17,1945.63,665
669,98.83,98.765,1.29,190,188,24,-424.35,1946.01,666
670,98.83,98.77,1.3,190,190,24,-424.35,1946.13,666
671,98.84,98.78,1.3,190,183,17,271.66,1950.92,667
672,98.83,98.79,1.3,190,182,9,1067.18,1956.29,668
673,98.94,99.005,1.47,190,177,-1,2062.88,1963.875,670
674,98.83,98.755,1.45,173,190,9,1081.08,1969.875,672
675,98.94,98.92,1.3,185,190,14,589.73,1974.61,673
676,99.14,99.2,1.48,190,178,4,1587.23,1984.03,675
677,99.06,99.13,1.46,190,173,-6,2584.23,1989.45,677
678,99.09,99.02,1.46,172,190,4,1599.63,1995.71,679
679,99.21,99.2,1.3,190,190,4,1599.63,1996.43,679
680,99.2,99.19,1.3,185,190,9,1106.93,1999.64,680
681,99.1,99.08,1.3,190,187,6,1406.12,2000.6,681
682,99.06,99.045,1.29,190,186,2,1804.88,2002.97,682
683,98.96,98.88,1.44,173,190,12,821.78,2008.34,684
684,98.96,99.02,1.48,190,180,2,1817.58,2015.62,685
685,98.92,98.84,1.44,180,190,12,834.88,2020.96,686
686,98.85,98.82,1.3,185,190,17,344.03,2023.97,687
687,98.94,98.9,1.3,190,190,17,344.03,2025.33,687
688,98.97,98.93,1.3,190,190,17,344.03,2025.84,687
689,99.02,98.98,1.3,189,190,18,245.7,2027.34,688
690,98.97,98.875,1.41,178,190,28,-737.1,2031.4,690
691,98.89,98.825,1.29,190,190,28,-737.1,2030.0,690
692,98.93,98.865,1.29,182,190,36,-1522.86,2036.28,691
693,98.96,98.875,1.29,190,188,34,-1323.82,2037.93,692
694,98.91,98.83,1.3,190,190,34,-1323.82,2036.4,692
695,98.87,98.755,1.37,172,190,44,-2305.22,2040.0,694
696,98.84,98.715,1.35,174,190,54,-3286.12,2044.49,696
697,98.92,98.935,1.57,190,176,44,-2291.72,2061.42,698
698,98.88,98.78,1.3,190,190,44,-2291.72,2054.6,698
699,98.81,98.685,1.35,180,190,54,-3272.32,2056.67,699
700,98.91,98.79,1.3,182,190,62,-4057.44,2067.54,700
701,98.84,98.845,1.59,190,179,52,-3063.94,2076.0,702
702,98.87,98.755,1.29,190,190,52,-3063.94,2071.32,702
703,99.0,98.865,1.33,177,190,62,-4046.34,2083.29,704
704,99.08,98.935,1.31,178,190,72,-5029.24,2094.08,706
705,99.08,98.925,1.29,190,190,72,-5029.24,2093.36,706
706,98.96,98.805,1.29,175,190,72,-5029.24,2084.72,707
707,99.02,98.865,1.29,183,190,72,-5029.24,2089.04,708
708,98.96,98.805,1.29,190,190,72,-5029.24,2084.72,708
709,98.99,98.835,1.29,188,190,72,-5029.24,2086.88,709
710,99.1,98.945,1.29,190,184,66,-4431.7,2098.67,710
711,99.07,98.925,1.29,190,190,66,-4431.7,2097.35,710
712,99.02,99.025,1.59,190,178,56,-3436.5,2108.9,712
713,98.96,98.975,1.57,190,180,46,-2441.6,2111.25,713
714,99.02,98.92,1.3,190,182,38,-1645.04,2113.92,714
715,99.09,99.01,1.3,185,190,43,-2136.84,2120.59,715
716,99.14,99.05,1.3,185,190,48,-2628.84,2125.56,716
717,99.12,99.02,1.3,190,186,44,-2230.16,2126.72,717
718,99.02,98.895,1.35,175,190,54,-3212.96,2127.37,719
719,98.99,98.875,1.29,190,190,54,-3212.96,2126.29,719
720,98.96,98.98,1.56,190,174,44,-2218.06,2137.06,721
721,98.98,98.89,1.3,190,181,35,-1322.2,2138.95,722
722,98.97,98.895,1.29,184,190,41,-1911.7,2142.995,723
723,99.0,99.035,1.53,190,178,31,-916.1,2153.985,725
724,98.98,99.025,1.51,190,174,21,79.5,2159.025,727
725,99.05,99.005,1.29,181,190,30,-805.74,2164.41,728
726,99.1,99.145,1.51,190,172,20,191.16,2174.06,730
727,99.14,99.1,1.3,190,187,17,490.41,2175.11,731
728,99.09,99.055,1.29,190,190,17,490.41,2174.345,731
729,99.02,98.985,1.29,190,182,9,1287.45,2178.315,732
730,99.11,99.09,1.3,190,185,4,1786.15,2182.51,733
731,99.16,99.23,1.46,190,173,-6,2784.15,2188.77,735
732,99.24,99.17,1.46,180,190,4,1798.15,2194.83,736
733,99.13,99.12,1.3,190,190,4,1798.15,2194.63,736
734,99.11,99.1,1.3,190,190,4,1798.15,2194.55,736
735,99.14,99.21,1.46,190,172,-6,2795.95,2200.69,738
736,99.24,99.25,1.3,190,186,-10,3195.55,2203.05,739
737,99.18,99.115,1.47,177,190,0,2210.05,2210.05,741
738,99.3,99.3,1.3,190,184,-6,2809.75,2213.95,742
739,99.22,99.23,1.3,190,190,-6,2809.75,2214.37,742
740,99.15,99.16,1.3,190,185,-11,3308.8,2218.04,743
741,99.1,99.12,1.3,187,190,-8,3013.39,2220.43,744
742,99.22,99.305,1.43,190,178,-18,4012.19,2224.7,746
743,99.2,99.14,1.48,173,190,-8,3026.29,2233.17,748
744,99.16,99.09,1.46,176,190,2,2040.99,2239.17,750
745,99.18,99.175,1.29,190,190,2,2040.99,2239.34,750
746,99.19,99.185,1.29,190,190,2,2040.99,2239.36,750
747,99.19,99.11,1.44,177,190,12,1055.59,2244.91,752
748,99.17,99.145,1.29,190,183,5,1754.12,2249.845,753
749,99.23,99.15,1.44,173,190,15,768.42,2255.67,755
750,99.08,99.05,1.3,190,190,15,768.42,2254.17,755
751,99.12,99.09,1.3,190,190,15,768.42,2254.77,755
752,99.27,99.24,1.3,188,190,17,571.24,2258.32,756
753,99.25,99.22,1.3,190,190,17,571.24,2257.98,756
754,99.21,99.27,1.48,190,178,7,1569.54,2264.43,758
755,99.29,99.205,1.43,180,190,17,583.24,2269.725,759
756,99.34,99.31,1.3,182,190,25,-206.04,2276.71,760
757,99.28,99.235,1.29,190,187,22,93.6,2276.77,761
758,99.33,99.235,1.41,178,190,32,-892.8,2282.72,763
759,99.39,99.285,1.39,177,190,42,-1879.6,2290.37,765
760,99.39,99.315,1.29,190,190,42,-1879.6,2291.63,765
761,99.43,99.355,1.29,182,190,50,-2669.28,2298.47,766
762,99.46,99.37,1.3,181,190,59,-3557.76,2305.07,767
763,99.43,99.455,1.55,190,175,49,-2558.06,2315.235,769
764,99.44,99.355,1.29,187,190,52,-2854.19,2312.27,770
765,99.52,99.43,1.3,190,190,52,-2854.19,2316.17,770
766,99.47,99.35,1.36,173,190,62,-3841.49,2318.21,772
767,99.37,99.26,1.3,186,190,66,-4235.93,2315.23,773
768,99.26,99.28,1.56,190,177,56,-3238.03,2321.65,775
769,99.15,99.055,1.29,183,190,63,-3926.9,2313.565,776
770,99.05,98.94,1.3,188,190,65,-4123.48,2307.62,777
771,99.01,98.9,1.3,190,188,63,-3924.38,2306.32,778
772,99.09,98.985,1.29,190,185,58,-3426.23,2314.9,779
773,99.1,99.0,1.3,183,190,65,-4114.68,2320.32,780
774,98.98,98.87,1.3,190,190,65,-4114.68,2311.87,780
775,98.93,98.8,1.34,179,190,75,-5096.38,2313.62,782
776,98.96,98.835,1.29,190,182,67,-4300.54,2321.405,783
777,98.87,98.74,1.34,178,190,77,-5281.64,2321.34,785
778,98.87,98.88,1.58,190,172,67,-4287.74,2337.22,787
779,98.85,98.74,1.3,188,190,69,-4483.92,2329.14,788
780,98.93,98.95,1.56,190,175,59,-3489.32,2348.73,790
781,98.89,98.765,1.35,175,190,69,-4470.82,2343.965,792
782,98.9,98.785,1.29,184,190,75,-5059.66,2349.215,793
783,98.91,98.775,1.33,177,190,85,-6041.06,2354.815,795
784,98.95,98.815,1.29,181,190,94,-6924.59,2364.02,796
785,98.88,98.73,1.3,186,190,94,-6924.59,2356.03,796
786,98.93,98.78,1.3,184,190,94,-6924.59,2360.73,797
787,98.93,98.78,1.3,186,190,94,-6924.59,2360.73,797
788,98.97,98.82,1.3,186,190,94,-6924.59,2364.49,797
789,98.98,98.98,1.6,186,174,84,-5929.79,2384.53,799
790,99.07,99.08,1.58,190,173,74,-4933.99,2397.93,801
791,99.05,98.935,1.29,190,183,67,-4236.93,2391.715,802
792,99.04,99.065,1.55,190,178,57,-3241.13,2405.575,804
793,99.07,98.98,1.3,190,190,57,-3241.13,2400.73,804
794,99.04,98.95,1.3,190,190,57,-3241.13,2399.02,804
795,99.1,99.135,1.53,190,174,47,-2244.53,2414.815,806
796,99.09,99.02,1.3,188,190,49,-2441.27,2410.71,807
797,99.1,99.025,1.29,185,190,54,-2933.17,2414.18,808
798,99.09,99.125,1.53,190,173,44,-1936.57,2424.93,810
799,99.14,99.075,1.29,190,188,42,-1737.13,2424.02,811
800,99.25,99.295,1.51,190,176,32,-738.83,2438.61,813
801,99.18,99.08,1.4,178,190,42,-1723.73,2437.63,815
802,99.21,99.145,1.29,185,190,47,-2216.23,2443.585,816
803,99.11,99.15,1.52,190,179,37,-1219.33,2449.22,818
804,99.11,99.16,1.5,190,172,27,-222.33,2454.99,820
805,99.04,99.095,1.49,190,179,17,774.17,2458.785,822
806,98.98,98.955,1.29,190,190,17,774.17,2456.405,822
807,98.87,98.845,1.29,182,190,25,-11.43,2459.695,823
808,98.9,98.805,1.41,175,190,35,-993.63,2464.545,825
809,98.9,98.95,1.5,190,180,25,1.37,2475.12,826
810,98.97,98.935,1.29,181,190,34,-883.24,2480.55,827
811,98.94,98.89,1.3,190,190,34,-883.24,2479.02,827
812,98.81,98.765,1.29,187,190,37,-1177.6,2476.705,828
813,98.77,98.82,1.5,190,178,27,-183.9,2484.24,830
814,98.83,98.795,1.29,190,190,27,-183.9,2483.565,830
815,98.83,98.795,1.29,187,190,30,-478.35,2485.5,831
816,98.86,98.765,1.41,172,190,40,-1460.05,2490.55,833
817,98.82,98.765,1.29,190,181,31,-565.36,2496.355,834
818,98.82,98.875,1.49,190,180,21,428.84,2505.215,835
819,98.83,98.8,1.3,190,190,21,428.84,2503.64,835
820,98.81,98.78,1.3,190,190,21,428.84,2503.22,835
821,98.78,98.75,1.3,190,190,21,428.84,2502.59,835
822,98.76,98.73,1.3,190,190,21,428.84,2502.17,835
823,98.75,98.725,1.29,190,190,21,428.84,2502.065,835
824,98.73,98.705,1.29,189,190,22,330.78,2502.29,836
825,98.76,98.73,1.3,183,190,29,-355.78,2507.39,837
826,98.71,98.77,1.48,190,179,19,637.42,2514.05,839
827,98.82,98.795,1.29,188,190,21,441.12,2515.815,840
828,98.89,98.865,1.29,190,190,21,441.12,2517.285,840
829,98.93,98.905,1.29,190,190,21,441.12,2518.125,840
830,98.82,98.795,1.29,190,190,21,441.12,2515.815,840
831,98.9,98.965,1.47,190,179,11,1436.32,2524.935,842
832,98.98,98.965,1.29,190,190,11,1436.32,2524.935,842
833,99.01,98.995,1.29,190,185,6,1934.52,2528.49,843
834,99.03,99.025,1.29,190,190,6,1934.52,2528.67,843
835,99.1,99.175,1.45,190,178,-4,2931.92,2535.22,845
836,99.02,98.945,1.45,179,190,6,1948.12,2541.79,847
837,99.0,98.92,1.44,174,190,16,964.62,2547.34,849
838,99.01,98.925,1.43,175,190,26,-18.78,2553.27,851
839,98.91,98.97,1.48,190,173,16,976.52,2560.04,853
840,98.94,99.005,1.47,190,178,6,1972.22,2566.25,855
841,98.93,98.85,1.44,177,190,16,989.42,2571.02,857
842,98.93,98.91,1.3,190,188,14,1188.54,2573.28,858
843,98.9,98.885,1.29,190,184,8,1785.72,2576.8,859
844,98.9,98.89,1.3,190,190,8,1785.72,2576.84,859
845,98.98,98.97,1.3,190,190,8,1785.72,2577.48,859
846,99.06,99.05,1.3,190,190,8,1785.72,2578.12,859
847,98.97,98.96,1.3,190,182,0,2582.6,2582.6,860
848,98.86,98.785,1.45,177,190,10,1600.5,2588.35,862
849,98.9,98.89,1.3,190,189,9,1700.04,2590.05,863
850,98.98,98.9,1.44,177,190,19,716.84,2595.94,865
851,99.04,99.02,1.3,190,182,11,1514.2,2603.42,866
852,98.98,98.965,1.29,190,190,11,1514.2,2602.815,866
853,98.96,98.945,1.29,190,190,11,1514.2,2602.595,866
854,98.93,99.0,1.46,190,176,1,2509.8,2608.8,868
855,98.9,98.975,1.45,190,179,-9,3505.3,2614.525,870
856,98.9,98.91,1.3,183,190,-2,2817.48,2619.66,871
857,98.81,98.815,1.29,190,190,-2,2817.48,2619.85,871
858,98.83,98.835,1.29,190,190,-2,2817.48,2619.81,871
859,98.76,98.765,1.29,190,190,-2,2817.48,2619.95,871
860,98.79,98.795,1.29,190,189,-3,2916.92,2620.535,872
861,98.78,98.785,1.29,184,190,3,2328.08,2624.435,873
862,98.75,98.745,1.29,190,190,3,2328.08,2624.315,873
863,98.82,98.815,1.29,190,183,-4,3024.3,2629.04,874
864,98.88,98.805,1.45,175,190,6,2041.9,2634.73,876
865,98.8,98.72,1.44,180,190,16,1060.4,2639.92,877
866,98.76,98.745,1.29,185,190,21,569.9,2643.545,878
867,98.66,98.64,1.3,190,190,21,569.9,2641.34,878
868,98.72,98.785,1.47,190,177,11,1563.4,2650.035,880
869,98.8,98.87,1.46,190,177,1,2557.8,2656.67,882
870,98.92,98.92,1.3,190,189,0,2657.37,2657.37,883
871,98.81,98.81,1.3,182,190,8,1872.09,2662.57,884
872,98.73,98.725,1.29,190,190,8,1872.09,2661.89,884
873,98.69,98.685,1.29,187,190,11,1577.97,2663.505,885
874,98.71,98.78,1.46,190,176,1,2571.47,2670.25,887
875,98.69,98.765,1.45,190,172,-9,3564.87,2675.985,889
876,98.75,98.83,1.44,190,178,-19,4558.97,2681.2,891
877,98.83,98.845,1.29,190,190,-19,4558.97,2680.915,891
878,98.85,98.865,1.29,190,190,-19,4558.97,2680.535,891
879,98.84,98.855,1.29,190,190,-19,4558.97,2680.725,891
880,98.88,98.895,1.29,189,190,-18,4460.72,2680.61,892
881,98.87,98.885,1.29,190,188,-20,4659.78,2682.08,893
882,98.88,98.895,1.29,190,190,-20,4659.78,2681.88,893
883,98.9,98.915,1.29,190,190,-20,4659.78,2681.48,893
884,98.89,98.975,1.43,190,180,-30,5655.28,2686.03,894
885,98.94,98.965,1.29,181,190,-21,4770.4,2692.135,895
886,98.9,98.83,1.46,177,190,-11,3787.7,2700.57,897
887,98.93,98.94,1.3,190,190,-11,3787.7,2699.36,897
888,99.01,99.02,1.3,190,190,-11,3787.7,2698.48,897
889,98.94,99.02,1.44,190,173,-21,4783.7,2704.28,899
890,98.98,98.995,1.29,190,182,-29,5580.82,2709.965,900
891,98.96,98.985,1.29,190,190,-29,5580.82,2710.255,900
892,98.95,98.975,1.29,190,188,-31,5780.06,2711.835,901
893,98.93,98.865,1.47,175,190,-21,4796.96,2720.795,903
894,98.88,98.895,1.29,190,190,-21,4796.96,2720.165,903
895,98.86,98.79,1.46,174,190,-11,3814.66,2727.97,905
896,98.78,98.79,1.3,190,190,-11,3814.66,2727.97,905
897,98.77,98.7,1.46,177,190,-1,2833.36,2734.66,907
898,98.76,98.76,1.3,190,190,-1,2833.36,2734.6,907
899,98.78,98.705,1.45,179,190,9,1852.06,2740.405,909
900,98.88,98.875,1.29,181,190,18,967.99,2747.74,910
901,98.93,98.845,1.43,178,190,28,-14.71,2752.95,912
902,98.86,98.925,1.47,190,173,18,980.19,2760.84,914
903,98.85,98.835,1.29,190,184,12,1577.07,2763.09,915
904,98.87,98.79,1.44,175,190,22,594.97,2768.35,917
905,98.83,98.815,1.29,188,190,24,398.63,2770.19,918
906,98.81,98.795,1.29,190,190,24,398.63,2769.71,918
907,98.86,98.845,1.29,190,181,15,1294.04,2776.715,919
908,98.82,98.74,1.44,180,190,25,312.44,2780.94,920
909,98.86,98.93,1.46,190,177,15,1307.34,2791.29,922
910,98.84,98.83,1.3,184,190,21,718.26,2793.69,923
911,98.9,98.885,1.29,190,190,21,718.26,2794.845,923
912,98.95,98.935,1.29,182,190,29,-68.06,2801.055,924
913,99.02,98.935,1.43,177,190,39,-1051.56,2806.905,926
914,99.02,98.995,1.29,190,184,33,-453.72,2813.115,927
915,99.1,99.015,1.43,179,190,43,-1438.02,2819.625,929
916,99.1,99.01,1.42,174,190,53,-2422.32,2825.21,931
917,99.15,99.115,1.29,190,190,53,-2422.32,2830.775,931
918,99.17,99.135,1.29,190,190,53,-2422.32,2831.835,931
919,99.23,99.195,1.29,190,188,51,-2222.64,2836.305,932
920,99.22,99.13,1.42,176,190,61,-3208.04,2838.89,934
921,99.16,99.125,1.29,181,190,70,-4094.36,2844.39,935
922,99.12,99.08,1.3,183,190,77,-4783.37,2845.79,936
923,99.17,99.125,1.29,190,190,77,-4783.37,2849.255,936
924,99.22,99.175,1.29,190,187,74,-4483.91,2855.04,937
925,99.16,99.215,1.49,190,177,64,-3486.31,2863.45,939
926,99.09,99.055,1.29,190,190,64,-3486.31,2853.21,939
927,99.08,99.045,1.29,190,190,64,-3486.31,2852.57,939
928,99.16,99.22,1.48,190,176,54,-2488.61,2869.27,941
929,99.17,99.14,1.3,190,187,51,-2189.24,2866.9,942
930,99.11,99.085,1.29,182,190,59,-2976.76,2869.255,943
931,99.14,99.11,1.3,190,190,59,-2976.76,2870.73,943
932,99.13,99.04,1.42,177,190,69,-3961.26,2872.5,945
933,99.14,99.105,1.29,190,190,69,-3961.26,2876.985,945
934,99.17,99.135,1.29,186,190,73,-4355.22,2881.635,946
935,99.2,99.165,1.29,183,190,80,-5044.86,2888.34,947
936,99.18,99.085,1.41,174,190,90,-6029.86,2887.79,949
937,99.17,99.125,1.29,190,190,90,-6029.86,2891.39,949
938,99.08,99.035,1.29,190,190,90,-6029.86,2883.29,949
939,99.05,99.01,1.3,190,188,88,-5830.54,2882.34,950
940,99.07,99.03,1.3,189,190,89,-5928.92,2884.75,951
941,99.05,98.955,1.41,173,190,99,-6912.52,2884.025,953
942,99.05,98.95,1.4,163,190,100,-7010.88,2884.12,955
943,99.1,99.0,1.4,178,190,100,-7010.88,2889.12,956
944,99.08,99.08,1.6,180,172,90,-6014.08,2903.12,958
945,99.12,99.085,1.29,190,188,88,-5814.62,2904.86,959
946,99.14,99.105,1.29,190,190,88,-5814.62,2906.62,959
947,99.22,99.185,1.29,185,190,93,-6307.32,2916.885,960
948,99.15,99.055,1.41,169,190,100,-6996.61,2908.89,962
949,99.23,99.135,1.41,179,190,100,-6996.61,2916.89,963
950,99.17,99.075,1.41,180,181,91,-6098.59,2917.235,964
951,99.16,99.125,1.29,189,183,84,-5400.2,2926.3,965
952,99.13,99.19,1.48,190,175,74,-4402.7,2937.36,967
953,99.03,99.005,1.29,190,184,68,-3804.8,2927.54,968
954,98.95,98.925,1.29,187,190,71,-4099.64,2924.035,969
955,98.98,98.955,1.29,190,190,71,-4099.64,2926.165,969
956,98.97,98.945,1.29,190,190,71,-4099.64,2925.455,969
957,98.97,98.945,1.29,190,190,71,-4099.64,2925.455,969
958,98.99,98.965,1.29,190,190,71,-4099.64,2926.875,969
959,99.03,99.005,1.29,190,190,71,-4099.64,2929.715,969
960,99.05,99.03,1.3,183,190,78,-4788.3,2936.04,970
961,98.98,98.955,1.29,190,183,71,-4091.1,2934.705,971
962,99.01,98.99,1.3,181,190,80,-4976.16,2943.04,972
963,98.87,98.935,1.47,190,176,70,-3981.26,2944.19,974
964,98.88,98.945,1.47,190,175,60,-2986.16,2950.54,976
965,98.9,98.97,1.46,190,179,50,-1990.86,2957.64,978
966,98.87,98.94,1.46,190,172,40,-995.86,2961.74,980
967,98.78,98.77,1.3,190,190,40,-995.86,2954.94,980
968,98.84,98.83,1.3,190,190,40,-995.86,2957.34,980
969,98.93,99.0,1.46,190,177,30,-0.16,2969.84,982
970,98.96,98.955,1.29,183,190,37,-688.33,2973.005,983
971,99.0,98.92,1.44,176,190,47,-1671.83,2977.41,985
972,98.97,98.96,1.3,190,183,40,-974.56,2983.84,986
973,99.02,99.015,1.29,190,190,40,-974.56,2986.04,986
974,99.09,99.165,1.45,190,174,30,22.74,2997.69,988
975,99.06,99.055,1.29,190,190,30,22.74,2994.39,988
976,99.09,99.165,1.45,190,172,20,1020.04,3003.34,990
977,99.07,99.065,1.29,190,190,20,1020.04,3001.34,990
978,99.09,99.085,1.29,190,190,20,1020.04,3001.74,990
979,99.15,99.145,1.29,190,190,20,1020.04,3002.94,990
980,99.22,99.215,1.29,186,190,24,625.76,3006.92,991
981,99.18,99.175,1.29,190,190,24,625.76,3005.96,991
982,99.1,99.175,1.45,190,179,14,1623.16,3011.61,993
983,99.22,99.295,1.45,190,179,4,2621.76,3018.94,995
984,99.22,99.22,1.3,190,190,4,2621.76,3018.64,995
985,99.18,99.255,1.45,190,172,-6,3620.06,3024.53,997
986,99.08,99.155,1.45,190,177,-16,4617.36,3030.88,999
987,99.11,99.19,1.44,190,173,-26,5614.96,3036.02,1001
988,99.06,99.14,1.44,190,178,-36,6612.06,3043.02,1003
989,99.03,99.035,1.29,184,190,-30,6021.72,3050.67,1004
990,98.97,99.05,1.44,190,174,-40,7017.92,3055.92,1006
991,99.04,99.045,1.29,190,186,-44,7416.68,3058.7,1007
992,99.06,99.065,1.29,186,190,-40,7023.0,3060.4,1008
993,99.04,99.12,1.44,190,172,-50,8019.9,3063.9,1010
994,99.08,99.085,1.29,190,190,-50,8019.9,3065.65,1010
995,99.09,99.095,1.29,185,190,-45,7527.65,3068.375,1011
996,99.17,99.17,1.3,190,186,-49,7926.93,3067.6,1012
997,99.12,99.045,1.45,174,190,-39,6942.23,3079.475,1014
998,99.14,99.14,1.3,187,190,-36,6646.76,3077.72,1015
999,99.05,99.05,1.3,190,190,-36,6646.76,3080.96,1015
